0,Southwest,Maritime security interests,0.0,0.0,Near Seas,0.0,0.0,International naval law,0.0,0.0,Foreign navies,0.0,0.0,Total,0,0.0
1,Southwest,Maritime security interests,0.0,0.0,Near Seas,0.0,0.0,International naval law,0.0,0.0,Foreign navies,0.0,0.0,Total,0,0.0
2,Southwest,Maritime security interests,4.0,2.4113817217265494E-4,Near Seas,59.0,0.00355678803954666,International naval law,1.0,6.0284543043163735E-5,Foreign navies,187.0,0.011273209549071617,Total,251,0.015131420303834096
3,Southwest,Maritime security interests,3.0,8.878629139660837E-5,Near Seas,62.0,0.0018349166888632395,International naval law,1.0,2.959543046553612E-5,Foreign navies,363.0,0.010743141258989612,Total,429,0.012696439669714996
4,Southwest,Maritime security interests,8.0,1.834399578088097E-4,Near Seas,64.0,0.0014675196624704776,International naval law,1.0,2.2929994726101212E-5,Foreign navies,282.0,0.006466258512760542,Total,355,0.008140148127765931
5,Southwest,Maritime security interests,6.0,1.66237220513673E-4,Near Seas,108.0,0.002992269969246114,International naval law,0.0,0.0,Foreign navies,351.0,0.009724877400049872,Total,465,0.012883384589809659
6,Southwest,Maritime security interests,14.0,4.129793510324484E-4,Near Seas,46.0,0.0013569321533923305,International naval law,3.0,8.849557522123894E-5,Foreign navies,265.0,0.007817109144542773,Total,328,0.009675516224188791
7,Southwest,Maritime security interests,15.0,4.1757140471020544E-4,Near Seas,54.0,0.0015032570569567397,International naval law,5.0,1.3919046823673514E-4,Foreign navies,292.0,0.008128723345025332,Total,366,0.010188742274929012
8,Southwest,Maritime security interests,40.0,6.01630418433956E-4,Near Seas,105.0,0.0015792798483891346,International naval law,22.0,3.308967301386758E-4,Foreign navies,518.0,0.00779111391871973,Total,685,0.010302920915681496
9,Southwest,Maritime security interests,48.0,7.987619190255105E-4,Near Seas,233.0,0.003877323481936332,International naval law,44.0,7.321984257733846E-4,Foreign navies,451.0,0.007505033864177192,Total,776,0.01291331769091242
10,Southwest,Maritime security interests,27.0,4.126610524385211E-4,Near Seas,323.0,0.004936648886579346,International naval law,10.0,1.528374268290819E-4,Foreign navies,325.0,0.004967216371945162,Total,685,0.010469363737792111
11,Southwest,Maritime security interests,14.0,2.3985745614035086E-4,Near Seas,88.0,0.0015076754385964911,International naval law,4.0,6.853070175438596E-5,Foreign navies,154.0,0.0026384320175438596,Total,260,0.004454495614035088
12,Southwest,Maritime security interests,36.0,6.875083551362603E-4,Near Seas,227.0,0.004335122128220308,International naval law,15.0,2.8646181464010847E-4,Foreign navies,190.0,0.003628516318774707,Total,468,0.008937608616771384
13,Southwest,Maritime security interests,26.0,4.7080126754187415E-4,Near Seas,119.0,0.0021548211860570395,International naval law,16.0,2.8972385694884563E-4,Foreign navies,148.0,0.002679945676776822,Total,309,0.005595291987324581
14,Southwest,Maritime security interests,16.0,5.790807093738689E-4,Near Seas,80.0,0.002895403546869345,International naval law,1.0,3.619254433586681E-5,Foreign navies,85.0,0.003076366268548679,Total,182,0.00658704306912776
15,Southwest,Maritime security interests,3.0,3.7064492216456633E-4,Near Seas,6.0,7.412898443291327E-4,International naval law,0.0,0.0,Foreign navies,13.0,0.0016061279960464542,Total,22,0.0027180627625401532
16,Southwest,Maritime security interests,0.0,0.0,Near Seas,0.0,0.0,International naval law,0.0,0.0,Foreign navies,2.0,8.896797153024911E-4,Total,2,8.896797153024911E-4
17,Southwest,Maritime security interests,4.0,0.0026954177897574125,Near Seas,0.0,0.0,International naval law,1.0,6.738544474393531E-4,Foreign navies,18.0,0.012129380053908356,Total,23,0.01549865229110512
18,Southwest,Maritime security interests,0.0,0.0,Near Seas,0.0,0.0,International naval law,0.0,0.0,Foreign navies,4.0,0.009876543209876543,Total,4,0.009876543209876543
0,East,Maritime security interests,0.0,0.0,Near Seas,0.0,0.0,International naval law,0.0,0.0,Foreign navies,0.0,0.0,Total,0,0.0
1,East,Maritime security interests,0.0,0.0,Near Seas,0.0,0.0,International naval law,0.0,0.0,Foreign navies,0.0,0.0,Total,0,0.0
2,East,Maritime security interests,17.0,2.1953329803582267E-4,Near Seas,246.0,0.0031767759598124927,International naval law,3.0,3.874117024161577E-5,Foreign navies,578.0,0.007464132133217971,Total,844,0.010899182561307902
3,East,Maritime security interests,18.0,1.3905304873809357E-4,Near Seas,249.0,0.0019235671742102946,International naval law,4.0,3.090067749735413E-5,Foreign navies,1137.0,0.008783517578622911,Total,1408,0.010877038479068653
4,East,Maritime security interests,48.0,3.28254506660831E-4,Near Seas,268.0,0.0018327543288563066,International naval law,10.0,6.83863555543398E-5,Foreign navies,827.0,0.005655551604343901,Total,1153,0.007884946795415378
5,East,Maritime security interests,51.0,3.489350638688004E-4,Near Seas,296.0,0.002025191743238528,International naval law,11.0,7.526050397170205E-5,Foreign navies,944.0,0.006458719613571522,Total,1302,0.008908106924650551
6,East,Maritime security interests,26.0,1.8714999352173098E-4,Near Seas,156.0,0.001122899961130386,International naval law,9.0,6.478269006521457E-5,Foreign navies,681.0,0.004901890214934569,Total,872,0.006276722859651901
7,East,Maritime security interests,52.0,2.640894247421319E-4,Near Seas,285.0,0.001447413193298223,International naval law,8.0,4.0629142268020295E-5,Foreign navies,1047.0,0.005317338994327156,Total,1392,0.007069470754635532
8,East,Maritime security interests,126.0,5.487804878048781E-4,Near Seas,348.0,0.001515679442508711,International naval law,55.0,2.3954703832752613E-4,Foreign navies,1435.0,0.00625,Total,1964,0.008554006968641115
9,East,Maritime security interests,207.0,0.0011920529801324503,Near Seas,785.0,0.004520587388424993,International naval law,156.0,8.983587676360495E-4,Foreign navies,1264.0,0.007279009501871581,Total,2412,0.013890008638065074
10,East,Maritime security interests,113.0,6.978841141812522E-4,Near Seas,836.0,0.005163107251818822,International naval law,36.0,2.2233476204004497E-4,Foreign navies,811.0,0.005008708111513235,Total,1796,0.011092034239553353
11,East,Maritime security interests,188.0,0.0011131110269041304,Near Seas,572.0,0.0033866995073891628,International naval law,60.0,3.552482000757863E-4,Foreign navies,1050.0,0.00621684350132626,Total,1870,0.01107190223569534
12,East,Maritime security interests,254.0,0.0015802702635442849,Near Seas,1081.0,0.006725480924769181,International naval law,85.0,5.288306000049772E-4,Foreign navies,1425.0,0.008865689470671676,Total,2845,0.01770027125899012
13,East,Maritime security interests,252.0,0.0015978087194704405,Near Seas,1026.0,0.006505364072129651,International naval law,88.0,5.579649496563443E-4,Foreign navies,1356.0,0.008597732633340942,Total,2722,0.017258870374597376
14,East,Maritime security interests,221.0,0.0016092272068621526,Near Seas,708.0,0.005155352318816308,International naval law,27.0,1.9660241893791004E-4,Foreign navies,930.0,0.006771861096750235,Total,1886,0.013733043041366605
15,East,Maritime security interests,120.0,0.0010938126663506762,Near Seas,407.0,0.003709847960039377,International naval law,40.0,3.6460422211689213E-4,Foreign navies,593.0,0.005405257592882925,Total,1160,0.010573522441389871
16,East,Maritime security interests,90.0,0.0011012407312238454,Near Seas,338.0,0.004135770746151775,International naval law,77.0,9.421726256026234E-4,Foreign navies,511.0,0.006252600151726501,Total,1016,0.012431784254704745
17,East,Maritime security interests,54.0,8.349697710018091E-4,Near Seas,259.0,0.0040047624201753436,International naval law,8.0,1.2369922533360134E-4,Foreign navies,420.0,0.006494209330014071,Total,741,0.011457640746524824
18,East,Maritime security interests,17.0,0.0010884876424638239,Near Seas,54.0,0.0034575489819439107,International naval law,1.0,6.402868485081316E-5,Foreign navies,75.0,0.004802151363810988,Total,147,0.009412216673069535
0,Southern,Maritime security interests,0.0,0.0,Near Seas,0.0,0.0,International naval law,0.0,0.0,Foreign navies,0.0,0.0,Total,0,0.0
1,Southern,Maritime security interests,0.0,0.0,Near Seas,0.0,0.0,International naval law,0.0,0.0,Foreign navies,0.0,0.0,Total,0,0.0
2,Southern,Maritime security interests,6.0,1.1054406102032168E-4,Near Seas,147.0,0.0027083294949978814,International naval law,4.0,7.369604068021445E-5,Foreign navies,451.0,0.00830922858669418,Total,608,0.011201798183392597
3,Southern,Maritime security interests,21.0,2.553129407187667E-4,Near Seas,141.0,0.0017142440305402907,International naval law,4.0,4.863103632738414E-5,Foreign navies,665.0,0.008084909789427613,Total,831,0.010103097797014054
4,Southern,Maritime security interests,42.0,3.5693646530917495E-4,Near Seas,151.0,0.0012832715776591767,International naval law,8.0,6.798789815412857E-5,Foreign navies,517.0,0.004393717918210559,Total,718,0.006101913859333038
5,Southern,Maritime security interests,38.0,2.601688358813904E-4,Near Seas,219.0,0.0014993940804743288,International naval law,9.0,6.161893481401352E-5,Foreign navies,779.0,0.005333461135568503,Total,1045,0.0071546429867382355
6,Southern,Maritime security interests,38.0,2.1372689077993443E-4,Near Seas,191.0,0.001074258845762302,International naval law,8.0,4.4995134901038825E-5,Foreign navies,685.0,0.0038527084259014494,Total,922,0.005185689297344725
7,Southern,Maritime security interests,77.0,3.3513377060311023E-4,Near Seas,262.0,0.0011403252973768165,International naval law,18.0,7.834295936176603E-5,Foreign navies,1067.0,0.004643996535500241,Total,1424,0.0061977985628419345
8,Southern,Maritime security interests,129.0,4.5301942715869024E-4,Near Seas,324.0,0.0011378162356543847,International naval law,49.0,1.7207714675020018E-4,Foreign navies,1476.0,0.005183385073536642,Total,1978,0.006946297883099917
9,Southern,Maritime security interests,247.0,8.181815170476566E-4,Near Seas,911.0,0.003017665433321519,International naval law,160.0,5.299961244033403E-4,Foreign navies,1612.0,0.005339710953363654,Total,2930,0.009705554028136169
10,Southern,Maritime security interests,100.0,3.4282148942224296E-4,Near Seas,921.0,0.0031573859175788575,International naval law,22.0,7.542072767289345E-5,Foreign navies,1036.0,0.003551630630414437,Total,2079,0.007127258765088431
11,Southern,Maritime security interests,139.0,3.774968428771234E-4,Near Seas,562.0,0.0015262821992585854,International naval law,38.0,1.032005757505805E-4,Foreign navies,1366.0,0.0037097891177708675,Total,2105,0.005716768735657156
12,Southern,Maritime security interests,266.0,9.143627132510406E-4,Near Seas,1405.0,0.004829622601946287,International naval law,97.0,3.3343301949380057E-4,Foreign navies,1895.0,0.006513974968461361,Total,3663,0.012591393303152489
13,Southern,Maritime security interests,226.0,8.887315912621169E-4,Near Seas,1086.0,0.004270630566861323,International naval law,76.0,2.988654908669065E-4,Foreign navies,1699.0,0.006681216697143082,Total,3087,0.012139444346133428
14,Southern,Maritime security interests,249.0,0.0011061111530653494,Near Seas,883.0,0.00392247449058917,International naval law,21.0,9.328648278864393E-5,Foreign navies,1453.0,0.006454536166280935,Total,2606,0.011576408292724098
15,Southern,Maritime security interests,133.0,7.137950281224507E-4,Near Seas,500.0,0.002683439955347559,International naval law,36.0,1.9320767678502427E-4,Foreign navies,702.0,0.003767549697307973,Total,1371,0.007357992357563007
16,Southern,Maritime security interests,132.0,9.250240015697377E-4,Near Seas,416.0,0.0029152271564622037,International naval law,79.0,5.536128494243127E-4,Foreign navies,675.0,0.0047302363716634314,Total,1302,0.009124100379119685
17,Southern,Maritime security interests,67.0,6.163923567347765E-4,Near Seas,304.0,0.0027967653201100306,International naval law,6.0,5.5199315528487444E-5,Foreign navies,667.0,0.006136323909583521,Total,1044,0.009604680901956816
18,Southern,Maritime security interests,10.0,3.9218762255863204E-4,Near Seas,71.0,0.0027845321201662877,International naval law,0.0,0.0,Foreign navies,70.0,0.0027453133579104245,Total,151,0.005922033100635344
0,Northeastern,Maritime security interests,0.0,0.0,Near Seas,0.0,0.0,International naval law,0.0,0.0,Foreign navies,0.0,0.0,Total,0,0.0
1,Northeastern,Maritime security interests,0.0,0.0,Near Seas,0.0,0.0,International naval law,0.0,0.0,Foreign navies,0.0,0.0,Total,0,0.0
2,Northeastern,Maritime security interests,1.0,6.062810719049351E-5,Near Seas,21.0,0.0012731902510003637,International naval law,0.0,0.0,Foreign navies,74.0,0.00448647993209652,Total,96,0.005820298290287377
3,Northeastern,Maritime security interests,2.0,7.807925043919578E-5,Near Seas,26.0,0.0010150302557095452,International naval law,1.0,3.903962521959789E-5,Foreign navies,204.0,0.00796408354479797,Total,233,0.009096232676166308
4,Northeastern,Maritime security interests,4.0,2.7702749497887663E-4,Near Seas,12.0,8.310824849366299E-4,International naval law,0.0,0.0,Foreign navies,52.0,0.0036013574347253966,Total,68,0.004709467414640903
5,Northeastern,Maritime security interests,0.0,0.0,Near Seas,0.0,0.0,International naval law,0.0,0.0,Foreign navies,6.0,0.002555366269165247,Total,6,0.002555366269165247
6,Northeastern,Maritime security interests,0.0,0.0,Near Seas,0.0,0.0,International naval law,0.0,0.0,Foreign navies,0.0,0.0,Total,0,0.0
7,Northeastern,Maritime security interests,0.0,0.0,Near Seas,2.0,5.0E-4,International naval law,0.0,0.0,Foreign navies,16.0,0.004,Total,18,0.0045
8,Northeastern,Maritime security interests,21.0,5.067812153096192E-4,Near Seas,73.0,0.0017616680341715333,International naval law,14.0,3.378541435397461E-4,Foreign navies,233.0,0.005622858246054346,Total,341,0.008229161639075245
9,Northeastern,Maritime security interests,59.0,0.0020615674901289355,Near Seas,161.0,0.005625633320521332,International naval law,31.0,0.0010831964778643558,Foreign navies,256.0,0.008945106397847584,Total,507,0.017715503686362207
10,Northeastern,Maritime security interests,0.0,0.0,Near Seas,0.0,0.0,International naval law,0.0,0.0,Foreign navies,1.0,1.260239445494644E-4,Total,1,1.260239445494644E-4
11,Northeastern,Maritime security interests,0.0,0.0,Near Seas,0.0,0.0,International naval law,0.0,0.0,Foreign navies,6.0,7.102272727272727E-4,Total,6,7.102272727272727E-4
12,Northeastern,Maritime security interests,2.0,2.3854961832061068E-4,Near Seas,0.0,0.0,International naval law,0.0,0.0,Foreign navies,2.0,2.3854961832061068E-4,Total,4,4.7709923664122136E-4
13,Northeastern,Maritime security interests,0.0,0.0,Near Seas,0.0,0.0,International naval law,2.0,2.700148508167949E-4,Foreign navies,9.0,0.001215066828675577,Total,11,0.0014850816794923722
14,Northeastern,Maritime security interests,1.0,1.5629884338855892E-4,Near Seas,0.0,0.0,International naval law,1.0,1.5629884338855892E-4,Foreign navies,5.0,7.814942169427947E-4,Total,7,0.0010940919037199124
15,Northeastern,Maritime security interests,0.0,0.0,Near Seas,0.0,0.0,International naval law,1.0,2.2192632046160674E-4,Foreign navies,1.0,2.2192632046160674E-4,Total,2,4.438526409232135E-4
16,Northeastern,Maritime security interests,1.0,3.136762860727729E-4,Near Seas,0.0,0.0,International naval law,0.0,0.0,Foreign navies,1.0,3.136762860727729E-4,Total,2,6.273525721455458E-4
17,Northeastern,Maritime security interests,0.0,0.0,Near Seas,0.0,0.0,International naval law,0.0,0.0,Foreign navies,1.0,4.5934772622875517E-4,Total,1,4.5934772622875517E-4
18,Northeastern,Maritime security interests,0.0,0.0,Near Seas,0.0,0.0,International naval law,0.0,0.0,Foreign navies,0.0,0.0,Total,0,0.0
0,Northern,Maritime security interests,0.0,0.0,Near Seas,0.0,0.0,International naval law,0.0,0.0,Foreign navies,0.0,0.0,Total,0,0.0
1,Northern,Maritime security interests,0.0,0.0,Near Seas,0.0,0.0,International naval law,0.0,0.0,Foreign navies,0.0,0.0,Total,0,0.0
2,Northern,Maritime security interests,57.0,5.16988045785187E-4,Near Seas,330.0,0.0029930886861247665,International naval law,25.0,2.267491428882399E-4,Foreign navies,583.0,0.005287790012153754,Total,995,0.009024615886951947
3,Northern,Maritime security interests,78.0,4.068093628739517E-4,Near Seas,377.0,0.0019662452538907666,International naval law,26.0,1.356031209579839E-4,Foreign navies,1261.0,0.006576751366462219,Total,1742,0.00908540910418492
4,Northern,Maritime security interests,130.0,6.894503489679459E-4,Near Seas,402.0,0.002131992617577802,International naval law,27.0,1.4319353401641953E-4,Foreign navies,839.0,0.004449606482954666,Total,1398,0.007414242983516833
5,Northern,Maritime security interests,140.0,5.940762114911313E-4,Near Seas,484.0,0.002053806331155054,International naval law,30.0,1.2730204531952814E-4,Foreign navies,1102.0,0.004676228464737334,Total,1756,0.007451413052703046
6,Northern,Maritime security interests,120.0,5.016072331763024E-4,Near Seas,389.0,0.0016260434475465137,International naval law,25.0,1.0450150691172967E-4,Foreign navies,971.0,0.004058838528451581,Total,1505,0.006290990716086126
7,Northern,Maritime security interests,120.0,5.672042502505152E-4,Near Seas,456.0,0.0021553761509519576,International naval law,20.0,9.45340417084192E-5,Foreign navies,1048.0,0.0049535837855211665,Total,1644,0.007770698228432058
8,Northern,Maritime security interests,114.0,5.517455001282566E-4,Near Seas,345.0,0.0016697561188091976,International naval law,48.0,2.323138947908449E-4,Foreign navies,1001.0,0.004844712680950745,Total,1508,0.007298528194679044
9,Northern,Maritime security interests,234.0,0.001247374649509046,Near Seas,808.0,0.004307174003432945,International naval law,116.0,6.183566638591853E-4,Foreign navies,1109.0,0.005911702932929625,Total,2267,0.012084608249730802
10,Northern,Maritime security interests,139.0,5.468866803585059E-4,Near Seas,900.0,0.003540992894407592,International naval law,58.0,2.281973198618226E-4,Foreign navies,859.0,0.003379680995884579,Total,1956,0.0076957578905125
11,Northern,Maritime security interests,248.0,9.579987097920602E-4,Near Seas,755.0,0.0029164880076330865,International naval law,63.0,2.4336257547137013E-4,Foreign navies,1291.0,0.00498700134815141,Total,2357,0.009104850641047928
12,Northern,Maritime security interests,467.0,0.002017165342766929,Near Seas,2393.0,0.010336352602229681,International naval law,188.0,8.120494313494274E-4,Foreign navies,3180.0,0.013735729743038189,Total,6228,0.026901297119384226
13,Northern,Maritime security interests,555.0,0.002047177292930783,Near Seas,2759.0,0.01017686874089375,International naval law,168.0,6.196860994817506E-4,Foreign navies,4084.0,0.015064273989782556,Total,7566,0.02790800612308884
14,Northern,Maritime security interests,277.0,0.0020389535825224136,Near Seas,1007.0,0.007412369161011086,International naval law,75.0,5.520632443652745E-4,Foreign navies,1862.0,0.013705890146775215,Total,3221,0.02370927613467399
15,Northern,Maritime security interests,206.0,0.0015024213781434155,Near Seas,631.0,0.004602077134021822,International naval law,95.0,6.928642277845849E-4,Foreign navies,1295.0,0.009444833420853026,Total,2227,0.016242196160802847
16,Northern,Maritime security interests,178.0,0.001622666277712952,Near Seas,583.0,0.005314687864644107,International naval law,180.0,0.0016408984830805133,Foreign navies,982.0,0.008952012835472579,Total,1923,0.01753026546091015
17,Northern,Maritime security interests,116.0,0.0013259870601952401,Near Seas,392.0,0.0044809217896252945,International naval law,39.0,4.458059943759859E-4,Foreign navies,860.0,0.009830593722137125,Total,1407,0.016083308566333644
18,Northern,Maritime security interests,21.0,8.716948237931177E-4,Near Seas,83.0,0.003445270017848989,International naval law,5.0,2.0754638661740898E-4,Foreign navies,183.0,0.007596197750197169,Total,292,0.012120708978456685
0,Northwestern,Maritime security interests,0.0,0.0,Near Seas,0.0,0.0,International naval law,0.0,0.0,Foreign navies,0.0,0.0,Total,0,0.0
1,Northwestern,Maritime security interests,0.0,0.0,Near Seas,0.0,0.0,International naval law,0.0,0.0,Foreign navies,0.0,0.0,Total,0,0.0
2,Northwestern,Maritime security interests,2.0,1.0311404413281089E-4,Near Seas,61.0,0.003144978346050732,International naval law,0.0,0.0,Foreign navies,206.0,0.010620746545679521,Total,269,0.013868838935863064
3,Northwestern,Maritime security interests,3.0,1.1712802092687308E-4,Near Seas,53.0,0.0020692617030414243,International naval law,0.0,0.0,Foreign navies,284.0,0.01108811931441065,Total,340,0.013274509038378948
4,Northwestern,Maritime security interests,8.0,4.0893523488217553E-4,Near Seas,53.0,0.002709195931094413,International naval law,4.0,2.0446761744108777E-4,Foreign navies,117.0,0.005980677810151817,Total,182,0.009303276593569493
5,Northwestern,Maritime security interests,2.0,1.7493221376716522E-4,Near Seas,20.0,0.0017493221376716523,International naval law,0.0,0.0,Foreign navies,94.0,0.008221814047056766,Total,116,0.010146068398495583
6,Northwestern,Maritime security interests,1.0,6.042296072507553E-5,Near Seas,10.0,6.042296072507553E-4,International naval law,2.0,1.2084592145015106E-4,Foreign navies,75.0,0.004531722054380665,Total,88,0.0053172205438066465
7,Northwestern,Maritime security interests,10.0,6.478781988986071E-4,Near Seas,24.0,0.001554907677356657,International naval law,0.0,0.0,Foreign navies,137.0,0.008875931324910916,Total,171,0.011078717201166181
8,Northwestern,Maritime security interests,33.0,0.001311136715801184,Near Seas,70.0,0.002781199094123724,International naval law,17.0,6.754340657157614E-4,Foreign navies,286.0,0.011363184870276929,Total,406,0.016130954745917598
9,Northwestern,Maritime security interests,48.0,0.0024667249087825683,Near Seas,221.0,0.011357212600853076,International naval law,35.0,0.0017986535793206228,Foreign navies,303.0,0.015571200986689963,Total,607,0.03119379207564623
10,Northwestern,Maritime security interests,10.0,9.44733112895607E-4,Near Seas,133.0,0.012564950401511572,International naval law,5.0,4.723665564478035E-4,Foreign navies,119.0,0.011242324043457723,Total,267,0.025224374114312706
11,Northwestern,Maritime security interests,16.0,0.001357427674556715,Near Seas,69.0,0.005853906846525834,International naval law,4.0,3.3935691863917875E-4,Foreign navies,151.0,0.012810723678628998,Total,240,0.020361415118350726
12,Northwestern,Maritime security interests,28.0,0.002307755707574384,Near Seas,151.0,0.012445396851561857,International naval law,14.0,0.001153877853787192,Foreign navies,181.0,0.01491799225253441,Total,374,0.030825022665457842
13,Northwestern,Maritime security interests,22.0,0.0019240860591219172,Near Seas,138.0,0.012069267098128389,International naval law,6.0,5.247507433968865E-4,Foreign navies,169.0,0.014780479272345637,Total,335,0.029298583172992828
14,Northwestern,Maritime security interests,24.0,0.001993024414549078,Near Seas,114.0,0.009466865969108122,International naval law,1.0,8.304268393954493E-5,Foreign navies,126.0,0.01046337817638266,Total,265,0.022006311243979407
15,Northwestern,Maritime security interests,21.0,0.001976656626506024,Near Seas,60.0,0.005647590361445783,International naval law,7.0,6.588855421686747E-4,Foreign navies,93.0,0.008753765060240963,Total,181,0.017036897590361446
16,Northwestern,Maritime security interests,22.0,0.0025412960609911056,Near Seas,75.0,0.008663509298833314,International naval law,17.0,0.001963728774402218,Foreign navies,82.0,0.009472103500057756,Total,196,0.022640637634284394
17,Northwestern,Maritime security interests,13.0,0.0021966880702940185,Near Seas,45.0,0.007603920243325448,International naval law,1.0,1.6897600540723216E-4,Foreign navies,74.0,0.012504224400135181,Total,133,0.02247380871916188
18,Northwestern,Maritime security interests,1.0,9.225092250922509E-4,Near Seas,9.0,0.008302583025830259,International naval law,0.0,0.0,Foreign navies,6.0,0.005535055350553505,Total,16,0.014760147601476014
